{"cameraMode":{"drawMode":0,"name":"Shaded","section":"Shading Mode"},"sceneLighting":true,"audioPlay":false,"sceneViewState":{"showFog":true,"showMaterialUpdate":false,"showSkybox":true,"showFlares":true,"showImageEffects":true,"showParticleSystems":true},"in2DMode":false,"pivot":{"x":1.1399630308151246,"y":2.6808454990386965,"z":-66.50917053222656},"rotation":{"x":0.008633475750684739,"y":0.9836264252662659,"z":-0.1732136607170105,"w":0.049026064574718478},"size":4.649657726287842,"orthographic":false}